,,,,GEOGRAPHY,,,,CLASSIFICATION,,,
Number,Name,Area Report,PMT,Tract,BG,County,New Technical Variable Name,First Level,Second Level,Third Level,Fourth Level
B01003,Total Population,,X,,X,X,,Population,,,
B01003_001 E/M,Total Population,,X,,X,X,Total_Pop,,Total,,
B03002,Hispanic/Latino by Race,X,X,,X,X,,Race,,,
B03002_001E/M,Total Hispanic or Latino,X,X,,X,X,Total_Race,,Total,,
B03002_003E/M,Not Hispanic or Latino:!!White alone,X,X,,X,X,NHW_HL_Race,,White,,
B03002_004E/M,Not Hispanic or Latino:!!Black or African American alone,X,X,,X,X,NHB_HL_Race,,Black or African American,,
B03002_005E/M,Not Hispanic or Latino:!!American Indian and Alaska Native alone,X,X,,X,X,NHAIAN_HL_Race,,American Indian and Alaskan Native,,
B03002_006E/M,Not Hispanic or Latino:!!Asian alone,X,X,,X,X,NHA_HL_Race,,Asian,,
B03002_007E/M,Not Hispanic or Latino:!!Native Hawaiian and Other Pacific Islander alone,X,X,,X,X,NHNHOPI_HL_Race,,Native Hawaiian & Other Pacific Islander,,
B03002_008E/M,Not Hispanic or Latino:!!Some other race alone,X,X,,X,X,NHSORA_HL_Race,,Some other race alone,,
B03002_009E/M,Not Hispanic or Latino:!!2 + races:,X,X,,X,X,NHTRM_HL_Race,,2+ Races,,
B03002_012E/M,Hispanic or Latino,X,X,,X,X,HL_HL_Race,,Hispanic or Latino,,
B01001,Age,X,X,,X,X,,Age,,,
B01001_001E/M,Total Sex by Age,X,X,,X,X,Age_Total,,Total,,
B01001_003E/M,Male: Under 5 years,X,X,,X,X,Age_0_17,,0-17,,
B01001_004E/M,Male: 5-9 years,X,X,,X,X,Age_0_17,,0-17,,
B01001_005E/M,Male: 10-14 years,X,X,,X,X,Age_0_17,,0-17,,
B01001_006E/M,Male: 15-17 years,X,X,,X,X,Age_0_17,,0-17,,
B01001_007E/M,Male: 18-19 years,X,X,,X,X,Age_18_24,,18-24,,
B01001_008E/M,Male: 20 years,X,X,,X,X,Age_18_24,,18-24,,
B01001_009E/M,Male: 21 years,X,X,,X,X,Age_18_24,,18-24,,
B01001_010E/M,Male: 22-24 years,X,X,,X,X,Age_18_24,,18-24,,
B01001_011E/M,Male: 25-29 years,X,X,,X,X,Age_25_39,,25-39,,
B01001_012E/M,Male: 30-34 years,X,X,,X,X,Age_25_39,,25-39,,
B01001_013E/M,Male: 35-39 years,X,X,,X,X,Age_25_39,,25-39,,
B01001_014E/M,Male: 40-44 years,X,X,,X,X,Age_40_64,,40-64,,
B01001_015E/M,Male: 45-49 years,X,X,,X,X,Age_40_64,,40-64,,
B01001_016E/M,Male: 50-54 years,X,X,,X,X,Age_40_64,,40-64,,
B01001_017E/M,Male: 55-59 years,X,X,,X,X,Age_40_64,,40-64,,
B01001_018E/M,Male: 60-61 years,X,X,,X,X,Age_40_64,,40-64,,
B01001_019E/M,Male: 62-64 years,X,X,,X,X,Age_40_64,,40-64,,
B01001_020E/M,Male: 65-66 years,X,X,,X,X,Ages_65_79,,65-79,,
B01001_021E/M,Male: 67-69 years,X,X,,X,X,Ages_65_79,,65-79,,
B01001_022E/M,Male: 70-74 years,X,X,,X,X,Ages_65_79,,65-79,,
B01001_023E/M,Male: 75-79 years,X,X,,X,X,Ages_65_79,,65-79,,
B01001_024E/M,Male: 80-84 years,X,X,,X,X,Age_80,,80+,,
B01001_025E/M,Male: 85 years and older,X,X,,X,X,Age_80,,80+,,
B01001_027E/M,Female: Under 5 years,X,X,,X,X,Age_0_17,,0-17,,
B01001_028E/M,Female: 5-9 years,X,X,,X,X,Age_0_17,,0-17,,
B01001_029E/M,Female: 10-14 years,X,X,,X,X,Age_0_17,,0-17,,
B01001_030E/M,Female: 15-17 years,X,X,,X,X,Age_0_17,,0-17,,
B01001_031E/M,Female: 18-19 years,X,X,,X,X,Age_18_24,,18-24,,
B01001_032E/M,Female: 20 years,X,X,,X,X,Age_18_24,,18-24,,
B01001_033E/M,Female: 21 years,X,X,,X,X,Age_18_24,,18-24,,
B01001_034E/M,Female: 22-24 years,X,X,,X,X,Age_18_24,,18-24,,
B01001_035E/M,Female: 25-29 years,X,X,,X,X,Age_25_39,,25-39,,
B01001_036E/M,Female: 30-34 years,X,X,,X,X,Age_25_39,,25-39,,
B01001_037E/M,Female: 35-39 years,X,X,,X,X,Age_25_39,,25-39,,
B01001_038E/M,Female: 40-44 years,X,X,,X,X,Age_40_64,,40-64,,
B01001_039E/M,Female: 45-49 years,X,X,,X,X,Age_40_64,,40-64,,
B01001_040E/M,Female: 50-54 years,X,X,,X,X,Age_40_64,,40-64,,
B01001_041E/M,Female: 55-59 years,X,X,,X,X,Age_40_64,,40-64,,
B01001_042E/M,Female: 60-61 years,X,X,,X,X,Age_40_64,,40-64,,
B01001_043E/M,Female: 62-64 years,X,X,,X,X,Age_40_64,,40-64,,
B01001_044E/M,Female: 65-66 years,X,X,,X,X,Ages_65_79,,65-79,,
B01001_045E/M,Female: 67-69 years,X,X,,X,X,Ages_65_79,,65-79,,
B01001_046E/M,Female: 70-74 years,X,X,,X,X,Ages_65_79,,65-79,,
B01001_047E/M,Female: 75-79 years,X,X,,X,X,Ages_65_79,,65-79,,
B01001_048E/M,Female: 80-84 years,X,X,,X,X,Age_80,,80+,,
B01001_049E/M,Female: 85 years and older,X,X,,X,X,Age_80,,80+,,
B15002,Sex by Educational Attainment for the Population 25 years and Over,X,X,,X,X,,Educational Attainment,,,
B15002_001E/M,Total,X,X,,X,X,Total_School,,Total,,
B15002_003E/M,Male: No Schooling Completed,X,X,,X,X,Little_no_School,,Little to no School,,
B15002_004E/M,Male: Nursery to 4th Grade,X,X,,X,X,Little_no_School,,Little to no School,,
B15002_005E/M,Male: 5th and 6th grade,X,X,,X,X,Little_no_School,,Little to no School,,
B15002_006E/M,Male: 7th and 8th grade,X,X,,X,X,Little_no_School,,Little to no School,,
B15002_007E/M,Male: 9th grade,X,X,,X,X,Little_no_School,,Little to no School,,
B15002_008E/M,Male: 10th grade,X,X,,X,X,Little_no_School,,Little to no School,,
B15002_009E/M,Male: 11th grade,X,X,,X,X,Little_no_School,,Little to no School,,
B15002_010E/M,"Male: 12th grade, no diploma",X,X,,X,X,Little_no_School,,Little to no School,,
B15002_011E/M,"Male: High school graduate, GED, or alternative",X,X,,X,X,HSGrad_GED_School,,High School Grad/ GED,,
B15002_012E/M,"Male: Some College, less than 1 year",X,X,,X,X,SomeCollege_School,,Some College,,
B15002_013E/M,"Male: Some College, 1 or more years, no degree",X,X,,X,X,SomeCollege_School,,Some College,,
B15002_014E/M,Male: Associate’s Degree,X,X,,X,X,College_School,,College,,
B15002_015E/M,Male: Bachelor’s Degree,X,X,,X,X,College_School,,College,,
B15002_016E/M,Male: Master’s Degree,X,X,,X,X,Grad_ProfDeg_School,,Graduate School/ Professional Degree,,
B15002_017E/M,Male: Professional School Degree,X,X,,X,X,Grad_ProfDeg_School,,Graduate School/ Professional Degree,,
B15002_018E/M,Male: Doctorate Degree,X,X,,X,X,Grad_ProfDeg_School,,Graduate School/ Professional Degree,,
B15002_020E/M,Female: No Schooling Completed,X,X,,X,X,Little_no_School,,Little to no School,,
B15002_021E/M,Female: Nursery to 4th Grade,X,X,,X,X,Little_no_School,,Little to no School,,
B15002_022E/M,Female: 5th and 6th grade,X,X,,X,X,Little_no_School,,Little to no School,,
B15002_023E/M,Female: 7th and 8th grade,X,X,,X,X,Little_no_School,,Little to no School,,
B15002_024E/M,Female: 9th grade,X,X,,X,X,Little_no_School,,Little to no School,,
B15002_025E/M,Female: 10th grade,X,X,,X,X,Little_no_School,,Little to no School,,
B15002_026E/M,Female: 11th grade,X,X,,X,X,Little_no_School,,Little to no School,,
B15002_027E/M,"Female: 12th grade, no diploma",X,X,,X,X,Little_no_School,,Little to no School,,
B15002_028E/M,"Female: High school graduate, GED, or alternative",X,X,,X,X,HSGrad_GED_School,,High School Grad/ GED,,
B15002_029E/M,"Female: Some College, less than 1 year",X,X,,X,X,SomeCollege_School,,Some College,,
B15002_030E/M,"Female: Some College, 1 or more years, no degree",X,X,,X,X,SomeCollege_School,,Some College,,
B15002_031E/M,Female: Associate’s Degree,X,X,,X,X,College_School,,College,,
B15002_032E/M,Female: Bachelor’s Degree,X,X,,X,X,College_School,,College,,
B15002_033E/M,Female: Master’s Degree,X,X,,X,X,Grad_ProfDeg_School,,Graduate School/ Professional Degree,,
B15002_034E/M,Female: Professional School Degree,X,X,,X,X,Grad_ProfDeg_School,,Graduate School/ Professional Degree,,
B15002_035E/M,Female: Doctorate Degree,X,X,,X,X,Grad_ProfDeg_School,,Graduate School/ Professional Degree,,
B25044,Tenure By Vehicles Available,X,X,,X,X,,Tenure by Vehicles Available,,,
B25044_001 E/M,Total,X,X,,X,X,Total_VehAv,,Total,,
,,X,X,,X,X,,,Owner Occupied,,
B25044_002 E/M,Owner occupied,X,X,,X,X,OwnOcc_VehAv,,,Total,
B25044_003 E/M,No vehicle available,X,X,,X,X,OwnOcc_0_VehAv,,,No Car,
B25044_004 E/M,1 vehicle available,X,X,,X,X,OwnOcc_1_VehAv,,,1,
B25044_005 E/M,2 vehicles available,X,X,,X,X,OwnOcc_2_VehAv,,,2,
B25044_006 E/M,3 vehicles available,X,X,,X,X,OwnOcc_3_VehAv,,,3,
B25044_007 E/M,4 vehicles available,X,X,,X,X,OwnOcc_4_VehAv,,,4,
B25044_008 E/M,5 or more vehicles available,X,X,,X,X,OwnOcc_5more_VehAv,,,5+,
,,X,X,,X,X,,,Renter Occupied,,
B25044_009 E/M,Renter occupied,X,X,,X,X,RentOcc_VehAv,,,Total,
B25044_010 E/M,No vehicle available,X,X,,X,X,RentOcc_0_VehAv,,,No Car,
B25044_011 E/M,1 vehicle available,X,X,,X,X,RentOcc_1_VehAv,,,1,
B25044_012 E/M,2 vehicles available,X,X,,X,X,RentOcc_2_VehAv,,,2,
B25044_013 E/M,3 vehicles available,X,X,,X,X,RentOcc_3_VehAv,,,3,
B25044_014 E/M,4 vehicles available,X,X,,X,X,RentOcc_4_VehAv,,,4,
B25044_015 E/M,5 or more vehicles available,X,X,,X,X,RentOcc_5_VehAv,,,5+,
B25008,Total Population In Occupied Housing Units By Tenure,X,X,,X,X,,Population in Occupied Housing Units by Tenure,,,
B25008_001 E/M,Total,X,X,,X,X,Total_UnitsPop,,Total,,
B25008_002 E/M,Owner Occupied,X,X,,X,X,OwnOcc_UnitsPop,,Owner Occupied,,
B25008_003 E/M,Renter Occupied,X,X,,X,X,RentOcc_UnitsPop,,Renter Occupied,,
B25002,Occupancy Status,X,X,,X,X,,Occupancy Status,,,
B25002_001 E/M,Total,X,X,,X,X,Total_OccStat,,Total,,
B25002_002 E/M,Occupied,X,X,,X,X,Occ_OccStat,,Occupied,,
B25002_003 E/M,Vacant,X,X,,X,X,Vac_OccStat,,Vacant,,
B08101,Means Of Transportation To Work By Age,X,,X,,X,,Means Of Transportation To Work By Age,,,
,,X,,X,,X,,,Age,,
B08101_001 E/M,Total,X,,X,,X,Total_MeansTransAge,,,Total,
B08101_002 E/M,16 To 19 Years,X,,X,,X,Age16_19_MeansTransAge,,,16 To 19 Years,
B08101_003 E/M,20 To 24 Years,X,,X,,X,Age20_24_MeansTransAge,,,20 To 24 Years,
B08101_004 E/M,25 To 44 Years,X,,X,,X,Age25_44_MeansTransAge,,,25 To 44 Years,
B08101_005 E/M,45 To 54 Years,X,,X,,X,Age45_54_MeansTransAge,,,45 To 54 Years,
B08101_006 E/M,55 To 59 Years,X,,X,,X,Age55_59_MeansTransAge,,,55 To 59 Years,
B08101_007 E/M,60 To 64 Years,X,,X,,X,Age60_64_MeansTransAge,,,60 To 64 Years,
B08101_008 E/M,65 Years And Over,X,,X,,X,Age65andOver_MeansTransAge,,,65+,
,,X,,X,,X,,,"Car, Truck, Or Van",,
,,X,,X,,X,,,,Drove Alone,
B08101_009 E/M,"Car, Truck, Or Van - Drove Alone",X,,X,,X,Carpool_CarTrVan_MeansTransAge,,,,Total
B08101_010 E/M,16 To 19 Years,X,,X,,X,Age16_19_DroveAloneCarTrVan_MeansTransAge,,,,16 To 19 Years
B08101_011 E/M,20 To 24 Years,X,,X,,X,Age20_24_DroveAloneCarTrVan_MeansTransAge,,,,20 To 24 Years
B08101_012 E/M,25 To 44 Years,X,,X,,X,Age25_44_DroveAloneCarTrVan_MeansTransAge,,,,25 To 44 Years
B08101_013 E/M,45 To 54 Years,X,,X,,X,Age45_54_DroveAloneCarTrVan_MeansTransAge,,,,45 To 54 Years
B08101_014 E/M,55 To 59 Years,X,,X,,X,Age55_59_DroveAloneCarTrVan_MeansTransAge,,,,55 To 59 Years
B08101_015 E/M,60 To 64 Years,X,,X,,X,Age60_64_DroveAloneCarTrVan_MeansTransAge,,,,60 To 64 Years
B08101_016 E/M,65 Years And Over,X,,X,,X,Age65andOver_CarTrVan_DroveAlone_MeansTransAge,,,,65 Years And Over
,,X,,X,,X,,,,Carpooled,
B08101_017 E/M,"Car, Truck, Or Van - Carpooled",X,,X,,X,Carpool_CarTrVan_MeansTransAge,,,,Total
B08101_018 E/M,16 To 19 Years,X,,X,,X,Age16_19_Carpool_CarTrVan_MeansTransAge,,,,16 To 19 Years
B08101_019 E/M,20 To 24 Years,X,,X,,X,Age20_24_Carpool_CarTrVan_MeansTransAge,,,,20 To 24 Years
B08101_020 E/M,25 To 44 Years,X,,X,,X,Age25_44_Carpool_CarTrVan_MeansTransAge,,,,25 To 44 Years
B08101_021 E/M,45 To 54 Years,X,,X,,X,Age45_54_Carpool_CarTrVan_MeansTransAge,,,,45 To 54 Years
B08101_022 E/M,55 To 59 Years,X,,X,,X,Age55_59_Carpool_CarTrVan_MeansTransAge,,,,55 To 59 Years
B08101_023 E/M,60 To 64 Years,X,,X,,X,Age60_64_Carpool_CarTrVan_MeansTransAge,,,,60 To 64 Years
B08101_024 E/M,65 Years And Over,X,,X,,X,Age65andOverCarpool_CarTrVan_MeansTransAge,,,,65 Years And Over
,,X,,X,,X,,,Public Transportation (Excluding Taxicab),,
B08101_025 E/M,Public Transportation (Excluding Taxicab),X,,X,,X,PubTrans_MeansTransAge,,,Total,
B08101_026 E/M,16 To 19 Years,X,,X,,X,Age16_19_PubTrans_MeansTransAge,,,16 To 19 Years,
B08101_027 E/M,20 To 24 Years,X,,X,,X,Age20_24_PubTrans_MeansTransAge,,,20 To 24 Years,
B08101_028 E/M,25 To 44 Years,X,,X,,X,Age25_44_PubTrans_MeansTransAge,,,25 To 44 Years,
B08101_029 E/M,45 To 54 Years,X,,X,,X,Age45_54_PubTrans_MeansTransAge,,,45 To 54 Years,
B08101_030 E/M,55 To 59 Years,X,,X,,X,Age55_59_PubTrans_MeansTransAge,,,55 To 59 Years,
B08101_031 E/M,60 To 64 Years,X,,X,,X,Age60_64_PubTrans_MeansTransAge,,,60 To 64 Years,
B08101_032 E/M,65 Years And Over,X,,X,,X,Age65andOver_PubTrans_MeansTransAge,,,65 Years And Over,
,,X,,X,,X,,,Walked,,
B08101_033 E/M,Walked,X,,X,,X,Walked_MeansTransAge,,,Total,
B08101_034 E/M,16 To 19 Years,X,,X,,X,Age16_19_Walked_MeansTransAge,,,16 To 19 Years,
B08101_035 E/M,20 To 24 Years,X,,X,,X,Age20_24_Walked_MeansTransAge,,,20 To 24 Years,
B08101_036 E/M,25 To 44 Years,X,,X,,X,Age25_44_Walked_MeansTransAge,,,25 To 44 Years,
B08101_037 E/M,45 To 54 Years,X,,X,,X,Age45_54_Walked_MeansTransAge,,,45 To 54 Years,
B08101_038 E/M,55 To 59 Years,X,,X,,X,Age55_59_Walked_MeansTransAge,,,55 To 59 Years,
B08101_039 E/M,60 To 64 Years,X,,X,,X,Age60_64_Walked_MeansTransAge,,,60 To 64 Years,
B08101_040 E/M,65 Years And Over,X,,X,,X,Age65andOver_Walked_MeansTransAge,,,65 Years And Over,
,,X,,X,,X,,,"Taxicab, Motorcycle, Bicycle, Or Other Means",,
B08101_041 E/M,"Taxicab, Motorcycle, Bicycle, Or Other Means",X,,X,,X,TaxiMotoBicOther_MeansTransAge,,,Total,
B08101_042 E/M,16 To 19 Years,X,,X,,X,Age16_19_TaxiMotoBicOther_MeansTransAge,,,16 To 19 Years,
B08101_043 E/M,20 To 24 Years,X,,X,,X,Age20_24_TaxiMotoBicOther_MeansTransAge,,,20 To 24 Years,
B08101_044 E/M,25 To 44 Years,X,,X,,X,Age25_44_TaxiMotoBicOther_MeansTransAge,,,25 To 44 Years,
B08101_045 E/M,45 To 54 Years,X,,X,,X,Age45_54_TaxiMotoBicOther_MeansTransAge,,,45 To 54 Years,
B08101_046 E/M,55 To 59 Years,X,,X,,X,Age55_59_TaxiMotoBicOther_MeansTransAge,,,55 To 59 Years,
B08101_047 E/M,60 To 64 Years,X,,X,,X,Age60_64_TaxiMotoBicOther_MeansTransAge,,,60 To 64 Years,
B08101_048 E/M,65 Years And Over,X,,X,,X,Age65andOver_TaxiMotoBicOther_MeansTransAge,,,65 Years And Over,
,,X,,X,,X,,,Worked At Home,,
B08101_049 E/M,Worked At Home,X,,X,,X,WorkHome_MeansTransAge,,,Total,
B08101_050 E/M,16 To 19 Years,X,,X,,X,Age16_19_WorkHome_MeansTransAge,,,16 To 19 Years,
B08101_051 E/M,20 To 24 Years,X,,X,,X,Age20_24_WorkHome_MeansTransAge,,,20 To 24 Years,
B08101_052 E/M,25 To 44 Years,X,,X,,X,Age25_44_WorkHome_MeansTransAge,,,25 To 44 Years,
B08101_053 E/M,45 To 54 Years,X,,X,,X,Age45_54_WorkHome_MeansTransAge,,,45 To 54 Years,
B08101_054 E/M,55 To 59 Years,X,,X,,X,Age55_59_WorkHome_MeansTransAge,,,55 To 59 Years,
B08101_055 E/M,60 To 64 Years,X,,X,,X,Age60_64_WorkHome_MeansTransAge,,,60 To 64 Years,
B08101_056 E/M,65 Years And Over,X,,X,,X,Age65andOver_WorkHome_MeansTransAge,,,65 Years And Over,
B07001,Geographical Mobility In The Past Year By Age For Current Residence In The United States,X,,X,,X,,Geographical Mobility In The Past Year By Age For Current Residence In The United States,,,
,,X,,X,,X,,,Age,,
B07001_001 E/M,Total,X,,X,,X,Total_GeogMobAge,,,Total,
B07001_002 E/M,1 To 4 Years,X,,X,,X,Yr1_4_GeogMobAge,,,1-4,
B07001_003 E/M,5 To 17 Years,X,,X,,X,Yr5_17_GeogMobAge,,,5-17,
B07001_004 E/M,18 And 19 Years,X,,X,,X,Yr18_19_GeogMobAge,,,18-19,
B07001_005 E/M,20 To 24 Years,X,,X,,X,Yr20_24_GeogMobAge,,,20-24,
B07001_006 E/M,25 To 29 Years,X,,X,,X,Yr25_29_GeogMobAge,,,25-39,
B07001_007 E/M,30 To 34 Years,X,,X,,X,Yr30_34_GeogMobAge,,,30-34,
B07001_008 E/M,35 To 39 Years,X,,X,,X,Yr35_39_GeogMobAge,,,35-39,
B07001_009 E/M,40 To 44 Years,X,,X,,X,Yr40_44_GeogMobAge,,,40-44,
B07001_010 E/M,45 To 49 Years,X,,X,,X,Yr45_49_GeogMobAge,,,45-49,
B07001_011 E/M,50 To 54 Years,X,,X,,X,Yr50_54_GeogMobAge,,,50-54,
B07001_012 E/M,55 To 59 Years,X,,X,,X,Yr55_59_GeogMobAge,,,55-59,
B07001_013 E/M,60 To 64 Years,X,,X,,X,Yr60_64_GeogMobAge,,,60-64,
B07001_014 E/M,65 To 69 Years,X,,X,,X,Yr65_69_GeogMobAge,,,65-69,
B07001_015 E/M,70 To 74 Years,X,,X,,X,Yr70_74_GeogMobAge,,,70-74,
B07001_016 E/M,75 Years And Over,X,,X,,X,Yr75andOver_GeogMobAge,,,75+,
,,X,,X,,X,,,Same House 1 Year,,
B07001_017 E/M,Same House 1 Year Ago,X,,X,,X,SameHouseYrAgo_GeogMobAge,,,Total,
B07001_018 E/M,1 To 4 Years,X,,X,,X,Yr1_4_SameHouseYrAgo_GeogMobAge,,,1-4,
B07001_019 E/M,5 To 17 Years,X,,X,,X,Yr5_17_SameHouseYrAgo_GeogMobAge,,,5-17,
B07001_020 E/M,18 And 19 Years,X,,X,,X,Yr18_19_SameHouseYrAgo_GeogMobAge,,,18-19,
B07001_021 E/M,20 To 24 Years,X,,X,,X,Yr20_24_SameHouseYrAgo_GeogMobAge,,,20-24,
B07001_022 E/M,25 To 29 Years,X,,X,,X,Yr25_29_SameHouseYrAgo_GeogMobAge,,,25-39,
B07001_023 E/M,30 To 34 Years,X,,X,,X,Yr30_34_SameHouseYrAgo_GeogMobAge,,,30-34,
B07001_024 E/M,35 To 39 Years,X,,X,,X,Yr35_39_SameHouseYrAgo_GeogMobAge,,,35-39,
B07001_025 E/M,40 To 44 Years,X,,X,,X,Yr40_44_SameHouseYrAgo_GeogMobAge,,,40-44,
B07001_026 E/M,45 To 49 Years,X,,X,,X,Yr45_49_SameHouseYrAgo_GeogMobAge,,,45-49,
B07001_027 E/M,50 To 54 Years,X,,X,,X,Yr50_54_SameHouseYrAgo_GeogMobAge,,,50-54,
B07001_028 E/M,55 To 59 Years,X,,X,,X,Yr55_59_SameHouseYrAgo_GeogMobAge,,,55-59,
B07001_029 E/M,60 To 64 Years,X,,X,,X,Yr60_64_SameHouseYrAgo_GeogMobAge,,,60-64,
B07001_030 E/M,65 To 69 Years,X,,X,,X,Yr65_69_SameHouseYrAgo_GeogMobAge,,,65-69,
B07001_031 E/M,70 To 74 Years,X,,X,,X,Yr70_74_SameHouseYrAgo_GeogMobAge,,,70-74,
B07001_032 E/M,75 Years And Over,X,,X,,X,Yr75andOver_SameHouseYrAgo_GeogMobAge,,,75+,
,,X,,X,,X,,,Moved Within Same County,,
B07001_033 E/M,Moved Within Same County,X,,X,,X,MoveSameCty_GeogMobAge,,,Total,
B07001_034 E/M,1 To 4 Years,X,,X,,X,Yr1_4_MoveSameCty_GeogMobAge,,,1-4,
B07001_035 E/M,5 To 17 Years,X,,X,,X,Yr5_17_MoveSameCty_GeogMobAge,,,5-17,
B07001_036 E/M,18 And 19 Years,X,,X,,X,Yr18_19_MoveSameCty_GeogMobAge,,,18-19,
B07001_037 E/M,20 To 24 Years,X,,X,,X,Yr20_24_MoveSameCty_GeogMobAge,,,20-24,
B07001_038 E/M,25 To 29 Years,X,,X,,X,Yr25_29_MoveSameCty_GeogMobAge,,,25-39,
B07001_039 E/M,30 To 34 Years,X,,X,,X,Yr30_34_MoveSameCty_GeogMobAge,,,30-34,
B07001_040 E/M,35 To 39 Years,X,,X,,X,Yr35_39_MoveSameCty_GeogMobAge,,,35-39,
B07001_041 E/M,40 To 44 Years,X,,X,,X,Yr40_44_MoveSameCty_GeogMobAge,,,40-44,
B07001_042 E/M,45 To 49 Years,X,,X,,X,Yr45_49_MoveSameCty_GeogMobAge,,,45-49,
B07001_043 E/M,50 To 54 Years,X,,X,,X,Yr50_54_MoveSameCty_GeogMobAge,,,50-54,
B07001_044 E/M,55 To 59 Years,X,,X,,X,Yr55_59_MoveSameCty_GeogMobAge,,,55-59,
B07001_045 E/M,60 To 64 Years,X,,X,,X,Yr60_64_MoveSameCty_GeogMobAge,,,60-64,
B07001_046 E/M,65 To 69 Years,X,,X,,X,Yr65_69_MoveSameCty_GeogMobAge,,,65-69,
B07001_047 E/M,70 To 74 Years,X,,X,,X,Yr70_74_MoveSameCty_GeogMobAge,,,70-74,
B07001_048 E/M,75 Years And Over,X,,X,,X,Yr75andOver_MoveSameCty_GeogMobAge,,,75+,
,,X,,X,,X,,,Moved From Different County Within Same State,,
B07001_049 E/M,Moved From Different County Within Same State,X,,X,,X,MoveDiffCty_GeogMobAge,,,Total,
B07001_050 E/M,1 To 4 Years,X,,X,,X,Yr1_4_MoveDiffCty_GeogMobAge,,,1-4,
B07001_051 E/M,5 To 17 Years,X,,X,,X,Yr5_17_MoveDiffCty_GeogMobAge,,,5-17,
B07001_052 E/M,18 And 19 Years,X,,X,,X,Yr18_19_MoveDiffCty_GeogMobAge,,,18-19,
B07001_053 E/M,20 To 24 Years,X,,X,,X,Yr20_24_MoveDiffCty_GeogMobAge,,,20-24,
B07001_054 E/M,25 To 29 Years,X,,X,,X,Yr25_29_MoveDiffCty_GeogMobAge,,,25-39,
B07001_055 E/M,30 To 34 Years,X,,X,,X,Yr30_34_MoveDiffCty_GeogMobAge,,,30-34,
B07001_056 E/M,35 To 39 Years,X,,X,,X,Yr35_39_MoveDiffCty_GeogMobAge,,,35-39,
B07001_057 E/M,40 To 44 Years,X,,X,,X,Yr40_44_MoveDiffCty_GeogMobAge,,,40-44,
B07001_058 E/M,45 To 49 Years,X,,X,,X,Yr45_49_MoveDiffCty_GeogMobAge,,,45-49,
B07001_059 E/M,50 To 54 Years,X,,X,,X,Yr50_54_MoveDiffCty_GeogMobAge,,,50-54,
B07001_060 E/M,55 To 59 Years,X,,X,,X,Yr55_59_MoveDiffCty_GeogMobAge,,,55-59,
B07001_061 E/M,60 To 64 Years,X,,X,,X,Yr60_64_MoveDiffCty_GeogMobAge,,,60-64,
B07001_062 E/M,65 To 69 Years,X,,X,,X,Yr65_69_MoveDiffCty_GeogMobAge,,,65-69,
B07001_063 E/M,70 To 74 Years,X,,X,,X,Yr70_74_MoveDiffCty_GeogMobAge,,,70-74,
B07001_064 E/M,75 Years And Over,X,,X,,X,Yr75andOver_MoveDiffCty_GeogMobAge,,,75+,
,,X,,X,,X,,,Moved From Different State,,
B07001_065 E/M,Moved From Different State,X,,X,,X,MoveDiffSt_GeogMobAge,,,Total,
B07001_066 E/M,1 To 4 Years,X,,X,,X,Yr1_4_MoveDiffSt_GeogMobAge,,,1-4,
B07001_067 E/M,5 To 17 Years,X,,X,,X,Yr5_17_MoveDiffSt_GeogMobAge,,,5-17,
B07001_068 E/M,18 And 19 Years,X,,X,,X,Yr18_19_MoveDiffSt_GeogMobAge,,,18-19,
B07001_069 E/M,20 To 24 Years,X,,X,,X,Yr20_24_MoveDiffSt_GeogMobAge,,,20-24,
B07001_070 E/M,25 To 29 Years,X,,X,,X,Yr25_29_MoveDiffSt_GeogMobAge,,,25-39,
B07001_071 E/M,30 To 34 Years,X,,X,,X,Yr30_34_MoveDiffSt_GeogMobAge,,,30-34,
B07001_072 E/M,35 To 39 Years,X,,X,,X,Yr35_39_MoveDiffSt_GeogMobAge,,,35-39,
B07001_073 E/M,40 To 44 Years,X,,X,,X,Yr40_44_MoveDiffSt_GeogMobAge,,,40-44,
B07001_074 E/M,45 To 49 Years,X,,X,,X,Yr45_49_MoveDiffSt_GeogMobAge,,,45-49,
B07001_075 E/M,50 To 54 Years,X,,X,,X,Yr50_54_MoveDiffSt_GeogMobAge,,,50-54,
B07001_076 E/M,55 To 59 Years,X,,X,,X,Yr55_59_MoveDiffSt_GeogMobAge,,,55-59,
B07001_077 E/M,60 To 64 Years,X,,X,,X,Yr60_64_MoveDiffSt_GeogMobAge,,,60-64,
B07001_078 E/M,65 To 69 Years,X,,X,,X,Yr65_69_MoveDiffSt_GeogMobAge,,,65-69,
B07001_079 E/M,70 To 74 Years,X,,X,,X,Yr70_74_MoveDiffSt_GeogMobAge,,,70-74,
B07001_080 E/M,75 Years And Over,X,,X,,X,Yr75andOwner_MoveDiffSt_GeogMobAge,,,75+,
,,X,,X,,X,,,Moved From Abroad,,
B07001_081 E/M,Moved From Abroad,X,,X,,X,MoveAbroad_GeogMobAge,,,Total,
B07001_082 E/M,1 To 4 Years,X,,X,,X,Yr1_4_MoveAbroad_GeogMobAge,,,1-4,
B07001_083 E/M,5 To 17 Years,X,,X,,X,Yr5_17_MoveAbroad_GeogMobAge,,,5-17,
B07001_084 E/M,18 And 19 Years,X,,X,,X,Yr18_19_MoveAbroad_GeogMobAge,,,18-19,
B07001_085 E/M,20 To 24 Years,X,,X,,X,Yr20_24_MoveAbroad_GeogMobAge,,,20-24,
B07001_086 E/M,25 To 29 Years,X,,X,,X,Yr25_29_MoveAbroad_GeogMobAge,,,25-39,
B07001_087 E/M,30 To 34 Years,X,,X,,X,Yr30_34_MoveAbroad_GeogMobAge,,,30-34,
B07001_088 E/M,35 To 39 Years,X,,X,,X,Yr35_39_MoveAbroad_GeogMobAge,,,35-39,
B07001_089 E/M,40 To 44 Years,X,,X,,X,Yr40_44_MoveAbroad_GeogMobAge,,,40-44,
B07001_090 E/M,45 To 49 Years,X,,X,,X,Yr45_49_MoveAbroad_GeogMobAge,,,45-49,
B07001_091 E/M,50 To 54 Years,X,,X,,X,Yr50_54_MoveAbroad_GeogMobAge,,,50-54,
B07001_092 E/M,55 To 59 Years,X,,X,,X,Yr55_59_MoveAbroad_GeogMobAge,,,55-59,
B07001_093 E/M,60 To 64 Years,X,,X,,X,Yr60_64_MoveAbroad_GeogMobAge,,,60-64,
B07001_094 E/M,65 To 69 Years,X,,X,,X,Yr65_69_MoveAbroad_GeogMobAge,,,65-69,
B07001_095 E/M,70 To 74 Years,X,,X,,X,Yr70_74_MoveAbroad_GeogMobAge,,,70-74,
B07001_096 E/M,75 Years And Over,X,,X,,X,Yr75andOver_MoveAbroad_GeogMobAge,,,75+,
B19001_001,Household Income,X,X,,X,X,,Household Income,,,
B19001_001 E/M,,X,X,,X,X,HHI_Total,,Total,,
B19001_002 E/M,,X,X,,X,X,HHI_0_24999,,"$0 - $24,999",,
B19001_003 E/M,,X,X,,X,X,HHI_0_24999,,"$0 - $24,999",,
B19001_004 E/M,,X,X,,X,X,HHI_0_24999,,"$0 - $24,999",,
B19001_005 E/M,,X,X,,X,X,HHI_0_24999,,"$0 - $24,999",,
B19001_006 E/M,,X,X,,X,X,HHI_25000_49999,,"$25,000 - $49,999",,
B19001_007 E/M,,X,X,,X,X,HHI_25000_49999,,"$25,000 - $49,999",,
B19001_008 E/M,,X,X,,X,X,HHI_25000_49999,,"$25,000 - $49,999",,
B19001_009 E/M,,X,X,,X,X,HHI_25000_49999,,"$25,000 - $49,999",,
B19001_010 E/M,,X,X,,X,X,HHI_25000_49999,,"$25,000 - $49,999",,
B19001_011 E/M,,X,X,,X,X,HHI_50000_74999,,"$50,000 - $74,999",,
B19001_012 E/M,,X,X,,X,X,HHI_50000_74999,,"$50,000 - $74,999",,
B19001_013 E/M,,X,X,,X,X,HHI_75000_99999,,"$75,000 - $99,999",,
B19001_014 E/M,,X,X,,X,X,HHI_100000_124999,,"$100,000 - $124,999",,
B19001_015 E/M,,X,X,,X,X,HHI_125000_149999,,"$125,000 - $149,999",,
B19001_016 E/M,,X,X,,X,X,HHI_150000More,,"$150,000 +",,
B19001_017 E/M,,X,X,,X,X,HHI_150000More,,"$150,000 +",,
B08135_B08303,Average Travel Time,X,X,,X,X,,Average Travel Time,,,
B08135_B08303_001 E/M,,X,X,,X,X,ATT_Total,,Total Average Travel Time,,
B25014,Tenure By Occupants Per Room,X,X,,X,X,,Tenure By Occupants Per Room,,,
B25014_001 E/M,Total,X,X,,X,X,TenOcc_Total,,Total,,
,,X,X,,X,X,TenOcc_OO,,Owner Occupied,,
B25014_002 E/M,Owner occupied,X,X,,X,X,TenOcc_OO_Total,,,Total,
B25014_003 E/M,0.50 or less occupants per room,X,X,,X,X,TenOcc_OO_pt5Less,,,.50 or less,
B25014_004 E/M,0.51 to 1.00 occupants per room,X,X,,X,X,TenOcc_OO_pt51_1,,,.51 - 1.00,
B25014_005 E/M,1.01 to 1.50 occupants per room,X,X,,X,X,TenOcc_OO_1pt01_1pt5,,,1.01 - 1.50,
B25014_006 E/M,1.51 to 2.00 occupants per room,X,X,,X,X,TenOcc_OO_1pt51_2,,,1.51 - 2.00,
B25014_007 E/M,2.01 or more occupants per room,X,X,,X,X,TenOcc_OO_2pt01more,,,2.01+,
,,X,X,,X,X,TenOcc_RO,,Renter Occupied,,
B25014_008 E/M,Renter occupied,X,X,,X,X,TenOcc_RO_Total,,,Total,
B25014_009 E/M,0.50 or less occupants per room,X,X,,X,X,TenOcc_RO_pt5Less,,,.50 or less,
B25014_010 E/M,0.51 to 1.00 occupants per room,X,X,,X,X,TenOcc_RO_pt51_1,,,.51 - 1.00,
B25014_011 E/M,1.01 to 1.50 occupants per room,X,X,,X,X,TenOcc_RO_1pt01_1pt5,,,1.01 - 1.50,
B25014_012 E/M,1.51 to 2.00 occupants per room,X,X,,X,X,TenOcc_RO_1pt51_2,,,1.51 - 2.00,
B25014_013 E/M,2.01 or more occupants per room,X,X,,X,X,TenOcc_RO_2pt01more,,,2.01+,
,Herfindahl-Hirschman Index (HHI),X,,,X,X,,Herfindahl-Hirschman Index (HHI),,,
HHIDI_race,,X,,,X,X,HHIDI_race,,Herfindahl-Hirschman Diversity Index,,
B17001,Poverty Status In The Past 12 Months By Sex By Age,X,,X,,X,,Poverty Status In The Past 12 Months By Sex By Age,,,
B17001_001E/M,,X,,X,,X,PovStatSexAge_Total,,Total,,
,,X,,X,,X,PovStatSexAge_IncBelPovLvl,,Income In The Past 12 Months Below Poverty Level,,
B17001_002E/M,,X,,X,,X,PovStatSexAge_IncBelPovLvl_Total,,,Total,
B17001_004E/M,,X,,X,,X,PovStatSexAge_IncBelPovLvl_Und5,,,Under 5 Years,
B17001_005E/M,,X,,X,,X,PovStatSexAge_IncBelPovLvl_5,,,5 Years,
B17001_006E/M,,X,,X,,X,PovStatSexAge_IncBelPovLvl_6_11,,,6 To 11 Years,
B17001_007E/M,,X,,X,,X,PovStatSexAge_IncBelPovLvl_12_14,,,12 To 14 Years,
B17001_008E/M,,X,,X,,X,PovStatSexAge_IncBelPovLvl_15,,,15 Years,
B17001_009E/M,,X,,X,,X,PovStatSexAge_IncBelPovLvl_16_17,,,16 And 17 Years,
B17001_010E/M,,X,,X,,X,PovStatSexAge_IncBelPovLvl_18_24,,,18 To 24 Years,
B17001_011E/M,,X,,X,,X,PovStatSexAge_IncBelPovLvl_25_34,,,25 To 34 Years,
B17001_012E/M,,X,,X,,X,PovStatSexAge_IncBelPovLvl_35_44,,,35 To 44 Years,
B17001_013E/M,,X,,X,,X,PovStatSexAge_IncBelPovLvl_45_54,,,45 To 54 Years,
B17001_014E/M,,X,,X,,X,PovStatSexAge_IncBelPovLvl_55_64,,,55 To 64 Years,
B17001_015E/M,,X,,X,,X,PovStatSexAge_IncBelPovLvl_65_74,,,65 To 74 Years,
B17001_016E/M,,X,,X,,X,PovStatSexAge_IncBelPovLvl_75More,,,75 Years And Over,
B17001_018E/M,,X,,X,,X,PovStatSexAge_IncBelPovLvl_Und5,,,Under 5 Years,
B17001_019E/M,,X,,X,,X,PovStatSexAge_IncBelPovLvl_5,,,5 Years,
B17001_020E/M,,X,,X,,X,PovStatSexAge_IncBelPovLvl_6_11,,,6 To 11 Years,
B17001_021E/M,,X,,X,,X,PovStatSexAge_IncBelPovLvl_12_14,,,12 To 14 Years,
B17001_022E/M,,X,,X,,X,PovStatSexAge_IncBelPovLvl_15,,,15 Years,
B17001_023E/M,,X,,X,,X,PovStatSexAge_IncBelPovLvl_16_17,,,16 And 17 Years,
B17001_024E/M,,X,,X,,X,PovStatSexAge_IncBelPovLvl_18_24,,,18 To 24 Years,
B17001_025E/M,,X,,X,,X,PovStatSexAge_IncBelPovLvl_25_34,,,25 To 34 Years,
B17001_026E/M,,X,,X,,X,PovStatSexAge_IncBelPovLvl_35_44,,,35 To 44 Years,
B17001_027E/M,,X,,X,,X,PovStatSexAge_IncBelPovLvl_45_54,,,45 To 54 Years,
B17001_028E/M,,X,,X,,X,PovStatSexAge_IncBelPovLvl_55_64,,,55 To 64 Years,
B17001_029E/M,,X,,X,,X,PovStatSexAge_IncBelPovLvl_65_74,,,65 To 74 Years,
B17001_030E/M,,X,,X,,X,PovStatSexAge_IncBelPovLvl_75More,,,75 Years And Over,
,,X,,X,,X,PovStatSexAge_IncAtAbovPovLvl,,Income In The Past 12 Months At Or Above Poverty Level,,
B17001_031E/M,,X,,X,,X,PovStatSexAge_IncAtAbovPovLvl_Total,,,Total,
B17001_033E/M,,X,,X,,X,PovStatSexAge_IncAtAbovPovLvl_Und5,,,Under 5 Years,
B17001_034E/M,,X,,X,,X,PovStatSexAge_IncAtAbovPovLvl_5,,,5 Years,
B17001_035E/M,,X,,X,,X,PovStatSexAge_IncAtAbovPovLvl_6_11,,,6 To 11 Years,
B17001_036E/M,,X,,X,,X,PovStatSexAge_IncAtAbovPovLvl_12_14,,,12 To 14 Years,
B17001_037E/M,,X,,X,,X,PovStatSexAge_IncAtAbovPovLvl_15,,,15 Years,
B17001_038E/M,,X,,X,,X,PovStatSexAge_IncAtAbovPovLvl_16_17,,,16 And 17 Years,
B17001_039E/M,,X,,X,,X,PovStatSexAge_IncAtAbovPovLvl_18_24,,,18 To 24 Years,
B17001_040E/M,,X,,X,,X,PovStatSexAge_IncAtAbovPovLvl_25_34,,,25 To 34 Years,
B17001_041E/M,,X,,X,,X,PovStatSexAge_IncAtAbovPovLvl_35_44,,,35 To 44 Years,
B17001_042E/M,,X,,X,,X,PovStatSexAge_IncAtAbovPovLvl_45_54,,,45 To 54 Years,
B17001_043E/M,,X,,X,,X,PovStatSexAge_IncAtAbovPovLvl_55_64,,,55 To 64 Years,
B17001_044E/M,,X,,X,,X,PovStatSexAge_IncAtAbovPovLvl_65_74,,,65 To 74 Years,
B17001_045E/M,,X,,X,,X,PovStatSexAge_IncAtAbovPovLvl_75More,,,75 Years And Over,
B17001_047E/M,,X,,X,,X,PovStatSexAge_IncAtAbovPovLvl_Und5,,,Under 5 Years,
B17001_048E/M,,X,,X,,X,PovStatSexAge_IncAtAbovPovLvl_5,,,5 Years,
B17001_049E/M,,X,,X,,X,PovStatSexAge_IncAtAbovPovLvl_6_11,,,6 To 11 Years,
B17001_050E/M,,X,,X,,X,PovStatSexAge_IncAtAbovPovLvl_12_14,,,12 To 14 Years,
B17001_051E/M,,X,,X,,X,PovStatSexAge_IncAtAbovPovLvl_15,,,15 Years,
B17001_052E/M,,X,,X,,X,PovStatSexAge_IncAtAbovPovLvl_16_17,,,16 And 17 Years,
B17001_053E/M,,X,,X,,X,PovStatSexAge_IncAtAbovPovLvl_18_24,,,18 To 24 Years,
B17001_054E/M,,X,,X,,X,PovStatSexAge_IncAtAbovPovLvl_25_34,,,25 To 34 Years,
B17001_055E/M,,X,,X,,X,PovStatSexAge_IncAtAbovPovLvl_35_44,,,35 To 44 Years,
B17001_056E/M,,X,,X,,X,PovStatSexAge_IncAtAbovPovLvl_45_54,,,45 To 54 Years,
B17001_057E/M,,X,,X,,X,PovStatSexAge_IncAtAbovPovLvl_55_64,,,55 To 64 Years,
B17001_058E/M,,X,,X,,X,PovStatSexAge_IncAtAbovPovLvl_65_74,,,65 To 74 Years,
B17001_059E/M,,X,,X,,X,PovStatSexAge_IncAtAbovPovLvl_75More,,,75 Years And Over,
B19081,Mean Household Income Of Quintiles,X,,X,,X,,Mean Household Income Of Quintiles,,,
B19081_001 E/M,Lowest Quintile,X,,X,,X,Low_MeanHHIncQuint,,Lowest Quintile,,
B19081_002 E/M,Second Quintile,X,,X,,X,Sec_MeanHHIncQuint,,Second Quintile,,
B19081_003 E/M,Third Quintile,X,,X,,X,Third_MeanHHIncQuint,,Third Quintile,,
B19081_004 E/M,Fourth Quintile,X,,X,,X,Fourth_MeanHHIncQuint,,Fourth Quintile,,
B19081_005 E/M,Highest Quintile,X,,X,,X,High_MeanHHIncQuint,,Highest Quintile,,
B19081_006 E/M,Top 5 Percent,X,,X,,X,Top5_MeanHHIncQuint,,Top 5 Percent,,
B19082,Shares Of Aggregate Household Income By Quintile,X,,X,,X,,Shares Of Aggregate Household Income By Quintile,,,
B19082_001 E/M,Lowest Quintile,X,,X,,X,Low_AggHHIncQuint,,Lowest Quintile,,
B19082_002 E/M,Second Quintile,X,,X,,X,Sec_AggHHIncQuint,,Second Quintile,,
B19082_003 E/M,Third Quintile,X,,X,,X,Third_AggHHIncQuint,,Third Quintile,,
B19082_004 E/M,Fourth Quintile,X,,X,,X,Fourth_AggHHIncQuint,,Fourth Quintile,,
B19082_005 E/M,Highest Quintile,X,,X,,X,High_AggHHIncQuint,,Highest Quintile,,
B19082_006 E/M,Top 5 Percent,X,,X,,X,Top5_AggHHIncQuint,,Top 5 Percent,,
B23001,Sex By Age By Employment Status For The Population 16 Years And Over,X,,X,,X,,Employment Status,,,
B23001_001 E/M,Total,X,,X,,X,Total_EmpStatus,,Total,,
B23001_004 E/M,In labor force,X,,X,,X,LaborForce_EmpStatus,,In labor force,,
B23001_007 E/M,Employed,X,,X,,X,Emp_EmpStatus,,Employed,,
B23001_008 E/M,Unemployed,X,,X,,X,Unemplyd_EmpStatus,,Unemployed,,
B23001_009 E/M,Not in labor force,X,,X,,X,NotInLaborForce_EmpStatus,,Not In Labor Force,,
B23001_011 E/M,In labor force,X,,X,,X,LaborForce_EmpStatus,,In labor force,,
B23001_014 E/M,Employed,X,,X,,X,Emplyd_EmpStatus,,Employed,,
B23001_015 E/M,Unemployed,X,,X,,X,Unemplyd_EmpStatus,,Unemployed,,
B23001_016 E/M,Not in labor force,X,,X,,X,NotInLaborForce_EmpStatus,,Not In Labor Force,,
B23001_018 E/M,In labor force,X,,X,,X,LaborForce_EmpStatus,,In labor force,,
B23001_021 E/M,Employed,X,,X,,X,Emplyd_EmpStatus,,Employed,,
B23001_022 E/M,Unemployed,X,,X,,X,Unemplyd_EmpStatus,,Unemployed,,
B23001_023 E/M,Not in labor force,X,,X,,X,NotInLaborForce_EmpStatus,,Not In Labor Force,,
B23001_025 E/M,In labor force,X,,X,,X,LaborForce_EmpStatus,,In labor force,,
B23001_028 E/M,Employed,X,,X,,X,Emplyd_EmpStatus,,Employed,,
B23001_029 E/M,Unemployed,X,,X,,X,Unemplyd_EmpStatus,,Unemployed,,
B23001_030 E/M,Not in labor force,X,,X,,X,NotInLaborForce_EmpStatus,,Not In Labor Force,,
B23001_032 E/M,In labor force,X,,X,,X,LaborForce_EmpStatus,,In labor force,,
B23001_035 E/M,Employed,X,,X,,X,Emplyd_EmpStatus,,Employed,,
B23001_036 E/M,Unemployed,X,,X,,X,Unemplyd_EmpStatus,,Unemployed,,
B23001_037 E/M,Not in labor force,X,,X,,X,NotInLaborForce_EmpStatus,,Not In Labor Force,,
B23001_039 E/M,In labor force,X,,X,,X,LaborForce_EmpStatus,,In labor force,,
B23001_042 E/M,Employed,X,,X,,X,Emplyd_EmpStatus,,Employed,,
B23001_043 E/M,Unemployed,X,,X,,X,Unemplyd_EmpStatus,,Unemployed,,
B23001_044 E/M,Not in labor force,X,,X,,X,NotInLaborForce_EmpStatus,,Not In Labor Force,,
B23001_046 E/M,In labor force,X,,X,,X,LaborForce_EmpStatus,,In labor force,,
B23001_049 E/M,Employed,X,,X,,X,Emplyd_EmpStatus,,Employed,,
B23001_050 E/M,Unemployed,X,,X,,X,Unemplyd_EmpStatus,,Unemployed,,
B23001_051 E/M,Not in labor force,X,,X,,X,NotInLaborForce_EmpStatus,,Not In Labor Force,,
B23001_053 E/M,In labor force,X,,X,,X,LaborForce_EmpStatus,,In labor force,,
B23001_056 E/M,Employed,X,,X,,X,Emplyd_EmpStatus,,Employed,,
B23001_057 E/M,Unemployed,X,,X,,X,Unemplyd_EmpStatus,,Unemployed,,
B23001_058 E/M,Not in labor force,X,,X,,X,NotInLaborForce_EmpStatus,,Not In Labor Force,,
B23001_060 E/M,In labor force,X,,X,,X,LaborForce_EmpStatus,,In labor force,,
B23001_063 E/M,Employed,X,,X,,X,Emplyd_EmpStatus,,Employed,,
B23001_064 E/M,Unemployed,X,,X,,X,Unemplyd_EmpStatus,,Unemployed,,
B23001_065 E/M,Not in labor force,X,,X,,X,NotInLaborForce_EmpStatus,,Not In Labor Force,,
B23001_067 E/M,In labor force,X,,X,,X,LaborForce_EmpStatus,,In labor force,,
B23001_070 E/M,Employed,X,,X,,X,Emplyd_EmpStatus,,Employed,,
B23001_071 E/M,Unemployed,X,,X,,X,Unemplyd_EmpStatus,,Unemployed,,
B23001_072 E/M,Not in labor force,X,,X,,X,NotInLaborForce_EmpStatus,,Not In Labor Force,,
B23001_074 E/M,In labor force,X,,X,,X,LaborForce_EmpStatus,,In labor force,,
B23001_075 E/M,Employed,X,,X,,X,Emplyd_EmpStatus,,Employed,,
B23001_076 E/M,Unemployed,X,,X,,X,Unemplyd_EmpStatus,,Unemployed,,
B23001_077 E/M,Not in labor force,X,,X,,X,NotInLaborForce_EmpStatus,,Not In Labor Force,,
B23001_079 E/M,In labor force,X,,X,,X,LaborForce_EmpStatus,,In labor force,,
B23001_080 E/M,Employed,X,,X,,X,Emplyd_EmpStatus,,Employed,,
B23001_081 E/M,Unemployed,X,,X,,X,Unemplyd_EmpStatus,,Unemployed,,
B23001_082 E/M,Not in labor force,X,,X,,X,NotInLaborForce_EmpStatus,,Not In Labor Force,,
B23001_084 E/M,In labor force,X,,X,,X,LaborForce_EmpStatus,,In labor force,,
B23001_085 E/M,Employed,X,,X,,X,Emplyd_EmpStatus,,Employed,,
B23001_086 E/M,Unemployed,X,,X,,X,Unemplyd_EmpStatus,,Unemployed,,
B23001_087 E/M,Not in labor force,X,,X,,X,NotInLaborForce_EmpStatus,,Not In Labor Force,,
B23001_090 E/M,In labor force,X,,X,,X,LaborForce_EmpStatus,,In labor force,,
B23001_093 E/M,Employed,X,,X,,X,Emplyd_EmpStatus,,Employed,,
B23001_094 E/M,Unemployed,X,,X,,X,Unemplyd_EmpStatus,,Unemployed,,
B23001_095 E/M,Not in labor force,X,,X,,X,NotInLaborForce_EmpStatus,,Not In Labor Force,,
B23001_097 E/M,In labor force,X,,X,,X,LaborForce_EmpStatus,,In labor force,,
B23001_100 E/M,Employed,X,,X,,X,Emplyd_EmpStatus,,Employed,,
B23001_101 E/M,Unemployed,X,,X,,X,Unemplyd_EmpStatus,,Unemployed,,
B23001_102 E/M,Not in labor force,X,,X,,X,NotInLaborForce_EmpStatus,,Not In Labor Force,,
B23001_104 E/M,In labor force,X,,X,,X,LaborForce_EmpStatus,,In labor force,,
B23001_107 E/M,Employed,X,,X,,X,Emplyd_EmpStatus,,Employed,,
B23001_108 E/M,Unemployed,X,,X,,X,Unemplyd_EmpStatus,,Unemployed,,
B23001_109 E/M,Not in labor force,X,,X,,X,NotInLaborForce_EmpStatus,,Not In Labor Force,,
B23001_111 E/M,In labor force,X,,X,,X,LaborForce_EmpStatus,,In labor force,,
B23001_114 E/M,Employed,X,,X,,X,Emplyd_EmpStatus,,Employed,,
B23001_115 E/M,Unemployed,X,,X,,X,Unemplyd_EmpStatus,,Unemployed,,
B23001_116 E/M,Not in labor force,X,,X,,X,NotInLaborForce_EmpStatus,,Not In Labor Force,,
B23001_118 E/M,In labor force,X,,X,,X,LaborForce_EmpStatus,,In labor force,,
B23001_121 E/M,Employed,X,,X,,X,Emplyd_EmpStatus,,Employed,,
B23001_122 E/M,Unemployed,X,,X,,X,Unemplyd_EmpStatus,,Unemployed,,
B23001_123 E/M,Not in labor force,X,,X,,X,NotInLaborForce_EmpStatus,,Not In Labor Force,,
B23001_125 E/M,In labor force,X,,X,,X,LaborForce_EmpStatus,,In labor force,,
B23001_128 E/M,Employed,X,,X,,X,Emplyd_EmpStatus,,Employed,,
B23001_129 E/M,Unemployed,X,,X,,X,Unemplyd_EmpStatus,,Unemployed,,
B23001_130 E/M,Not in labor force,X,,X,,X,NotInLaborForce_EmpStatus,,Not In Labor Force,,
B23001_132 E/M,In labor force,X,,X,,X,LaborForce_EmpStatus,,In labor force,,
B23001_135 E/M,Employed,X,,X,,X,Emplyd_EmpStatus,,Employed,,
B23001_136 E/M,Unemployed,X,,X,,X,Unemplyd_EmpStatus,,Unemployed,,
B23001_137 E/M,Not in labor force,X,,X,,X,NotInLaborForce_EmpStatus,,Not In Labor Force,,
B23001_139 E/M,In labor force,X,,X,,X,LaborForce_EmpStatus,,In labor force,,
B23001_142 E/M,Employed,X,,X,,X,Emplyd_EmpStatus,,Employed,,
B23001_143 E/M,Unemployed,X,,X,,X,Unemplyd_EmpStatus,,Unemployed,,
B23001_144 E/M,Not in labor force,X,,X,,X,NotInLaborForce_EmpStatus,,Not In Labor Force,,
B23001_146 E/M,In labor force,X,,X,,X,LaborForce_EmpStatus,,In labor force,,
B23001_149 E/M,Employed,X,,X,,X,Emplyd_EmpStatus,,Employed,,
B23001_150 E/M,Unemployed,X,,X,,X,Unemplyd_EmpStatus,,Unemployed,,
B23001_151 E/M,Not in labor force,X,,X,,X,NotInLaborForce_EmpStatus,,Not In Labor Force,,
B23001_153 E/M,In labor force,X,,X,,X,LaborForce_EmpStatus,,In labor force,,
B23001_156 E/M,Employed,X,,X,,X,Emplyd_EmpStatus,,Employed,,
B23001_157 E/M,Unemployed,X,,X,,X,Unemplyd_EmpStatus,,Unemployed,,
B23001_158 E/M,Not in labor force,X,,X,,X,NotInLaborForce_EmpStatus,,Not In Labor Force,,
B23001_160 E/M,In labor force,X,,X,,X,LaborForce_EmpStatus,,In labor force,,
B23001_161 E/M,Employed,X,,X,,X,Emplyd_EmpStatus,,Employed,,
B23001_162 E/M,Unemployed,X,,X,,X,Unemplyd_EmpStatus,,Unemployed,,
B23001_163 E/M,Not in labor force,X,,X,,X,NotInLaborForce_EmpStatus,,Not In Labor Force,,
B23001_165 E/M,In labor force,X,,X,,X,LaborForce_EmpStatus,,In labor force,,
B23001_166 E/M,Employed,X,,X,,X,Emplyd_EmpStatus,,Employed,,
B23001_167 E/M,Unemployed,X,,X,,X,Unemplyd_EmpStatus,,Unemployed,,
B23001_168 E/M,Not in labor force,X,,X,,X,NotInLaborForce_EmpStatus,,Not In Labor Force,,
B23001_170 E/M,In labor force,X,,X,,X,LaborForce_EmpStatus,,In labor force,,
B23001_171 E/M,Employed,X,,X,,X,Emplyd_EmpStatus,,Employed,,
B23001_172 E/M,Unemployed,X,,X,,X,Unemplyd_EmpStatus,,Unemployed,,
B23001_173 E/M,Not in labor force,X,,X,,X,NotInLaborForce_EmpStatus,,Not In Labor Force,,
B23025,Employment Status For The Population 16 Years And Over,,X,,X,X,,Employment Status,,,
B23025_001 E/M,Total,,X,,X,X,EmpStat_Total,,Total,,
,,,X,,X,X,EmpStat_LabrFrc,,In Labor Force,,
B23025_002 E/M,In Labor Force,,X,,X,X,EmpStat_LabrFrc_Total,,,Total,
B23025_004 E/M,Employed,,X,,X,X,EmpStat_LabrFrc_Emp,,,Employed,
B23025_005 E/M,Unemployed,,X,,X,X,EmpStat_LabrFrc_Unemp,,,Unemployed,
B23025_007 E/M,Not In Labor Force,,X,,X,X,EmpStat_NotLabrFrc,,Not In Labor Force,,
B17021,Poverty Status Of Individuals In The Past 12 Months By Living Arrangement,,X,,X,X,,Poverty Status,,,
B17021_001 E/M,Total,,X,,X,X,PovStat_Total,,Total,,
B17021_002 E/M,Income In The Past 12 Months Below Poverty Level,,X,,X,X,PovStat_IncBlwPovLvl,,Income In The Past 12 Months Below Poverty Level,,
B17021_019 E/M,Income In The Past 12 Months At Or Above Poverty Level,,X,,X,X,PovStat_IncAtAbvPovLvl,,Income In The Past 12 Months At Or Above Poverty Level,,
B07011,Median Income In The Past 12 Months (In 2012 Inflation-Adjusted Dollars) By Geographical Mobility In The Past Year For Current Residence In The United States,X,,X,,X,,,,,
B07011_001 E/M,Median Income In The Past 12 Months -- Total,X,,X,,X,Median_Income_Total,Median Income,,,
B08301,Means of Transportation to Work,,X,,X,X,,Means of Transportation to Work,,,
B08301_001 E/M,Total,,X,,X,X,Total_MeanTransWork,,Total,,
,,,X,,X,X,,,"Car, Truck, Or Van",,
B08301_002 E/M,"Car, Truck, Or Van",,X,,X,X,CarTrVan_MeanTransWork,,,Total,
B08301_003 E/M,Drove Alone,,X,,X,X,DroveAl_CarTrVan_MeanTransWork,,,Drove Alone,
B08301_004 E/M,Carpooled,,X,,X,X,Carpool_CarTrVan_MeanTransWork,,,Carpooled,
,,,X,,X,X,,,Public Transportation (Excluding Taxicab),,
B08301_010 E/M,Public Transportation (Excluding Taxicab),,X,,X,X,PubTrans_MeanTransWork,,,Total,
B08301_011 E/M,Bus Or Trolley Bus,,X,,X,X,BusTr_PubTrans_MeanTransWork,,,Bus Or Trolley Bus,
B08301_012 E/M,Streetcar Or Trolley Car (Carro Publico In Puerto Rico),,X,,X,X,StCarTr_PubTrans_MeanTransWork,,,Streetcar Or Trolley Car (Carro Publico In Puerto Rico),
B08301_013 E/M,Subway Or Elevated,,X,,X,X,SubElev_PubTrans_MeanTransWork,,,Subway Or Elevated,
B08301_014 E/M,Railroad,,X,,X,X,Rail_PubTrans_MeanTransWork,,,Railroad,
B08301_015 E/M,Ferryboat,,X,,X,X,Ferry_PubTrans_MeanTransWork,,,Ferryboat,
B08301_016 E/M,Taxicab,,X,,X,X,Taxi_MeanTransWork,,Taxicab,,
B08301_017 E/M,Motorcycle,,X,,X,X,Moto_MeanTransWork,,Motorcycle,,
B08301_018 E/M,Bicycle,,X,,X,X,Bic_MeanTransWork,,Bicycle,,
B08301_019 E/M,Walked,,X,,X,X,Walk_MeanTransWork,,Walked,,
B08301_020 E/M,Other Means,,X,,X,X,Total_MeanTransWork,,Other Means,,
B08301_021 E/M,Worked At Home,,X,,X,X,Total_MeanTransWork,,Worked At Home,,